Recipient,Loot,Date,Boss,BiS?
Doggy,Talisman of Ephemeral Power,10/1/2019,Garr,Yes
Eljon,Seal of the Archmagus,10/1/2019,Geddon,No
Evias,Band of Accuria,10/1/2019,Ragnaros,Yes
Indi,Gauntlets of Might,10/1/2019,Lucifron,Yes
Indi,Helm of Wrath,10/1/2019,Onyxia,Yes
Indi,Legplates of Might,10/1/2019,Magmadar,Yes
Indi,Pauldrons of Might,10/1/2019,Sulfuron,Yes
Jess,Halo of Transcendence,10/1/2019,Onyxia,Yes
Kianna,Nightslayer Cover,10/1/2019,Garr,No
Kthanks,Azuresong Mageblade,10/1/2019,Golemagg,Yes
Maurizio,Bloodfang Pants,10/1/2019,Ragnaros,Yes
Maurizio,Nightslayer Gloves,10/1/2019,Gehennas,Yes
Milkers,Choker of the Fire Lord,10/1/2019,Ragnaros,Yes
Mosch,Heavy Dark Iron Ring,10/1/2019,Gehennas,Yes
Nighteleven,Cenarion Vestments,10/1/2019,Golemagg,No
Nives,Aged Core Leather Gloves,10/1/2019,Magmadar,Yes
Nives,Core Hound Tooth,10/1/2019,Domo,Yes
Odricc,Lawbringer Spaulders,10/1/2019,Geddon,No
Pug,Ancient Cornerstone Grimoire,10/1/2019,Onyxia,No
Pug,Cenarion Boots,10/1/2019,Lucifron,No
Pug,Mantle of Prophecy,10/1/2019,Sulfuron,No
Pug,Pants of Prophecy,10/1/2019,Magmadar,No
Pug,Robes of Prophecy,10/1/2019,Golemagg,No
Pug,The Eye of Divinity,10/1/2019,Domo,Yes
Punk,Arcanist Gloves,10/1/2019,Shazzrah,No
Scumyum,Netherwind Pants,10/1/2019,Ragnaros,Yes
Skriggy,Felheart Slippers,10/1/2019,Shazzrah,No
Teen,Drillborer Disk,10/1/2019,Garr,Yes
Teen,Head of Onyxia,10/1/2019,Onyxia,Yes
Teen,Wristguards of True Flight,10/1/2019,Domo,Yes
Tom,Bonereaver's Edge,10/1/2019,Ragnaros,Yes
Bigdogenergy,Netherwind Crown,10/8/2019,Onyxia,Yes
Evias,Ancient Petrified Leaf,10/8/2019,Domo,Yes
Evias,Giantstalker's Leggings,10/8/2019,Magmadar,Yes
Evius,Shard of the Scale,10/8/2019,Onyxia,Yes
Fiddla,Finkle's Lava Dredger,10/8/2019,Domo,No
Indi,Head of Onyxia,10/8/2019,Onyxia,Yes
Kamallia,Band of Accuria,10/8/2019,Ragnaros,Yes
Maurizio,Gutgore Ripper,10/8/2019,Garr,No
Milkers,Judgement Legplates,10/8/2019,Ragnaros,No
Mosch,Eskhander's Collar,10/8/2019,Onyxia,No
Neet,Lawbringer Chestguard,10/8/2019,Golemagg,No
Netterick,Nightslayer Shoulder Pads,10/8/2019,Sulfuron,Yes
Niari,Leggings of Transcendence,10/8/2019,Ragnaros,Yes
Nighteleven,Cenarion Boots,10/8/2019,Lucifron,No
Nighteleven,Cenarion Gloves,10/8/2019,Shazzrah,No
Odricc,Lawbringer Gauntlets,10/8/2019,Gehennas,No
Odricc,Lawbringer Helm,10/8/2019,Garr,No
Poonzo,Nightslayer Pants,10/8/2019,Magmadar,No
Punk,Band of Sulfuras,10/8/2019,Ragnaros,No
Shadowpriest,Crimson Shocker,10/8/2019,Shazzrah,No
Shadowpriest,Mantle of Prophecy,10/8/2019,Sulfuron,No
Shadowpriest,Robes of Prophecy,10/8/2019,Golemagg,No
Skriggy,Felheart Shoulders,10/8/2019,Geddon,No
Skriggy,Sash of Whispered Secrets,10/8/2019,Domo,No
Strangers,Giantstalker's Boots,10/8/2019,Gehennas,Yes
Teen,Eskhander's Right Claw,10/8/2019,Magmadar,No
Teen,Helm of Wrath,10/8/2019,Onyxia,Yes
Tom,Blastershot Launcher,10/8/2019,Golemagg,Yes
Yao,Obsidian Edged Blade,10/8/2019,Geddon,No
Yao,Wristguards of Stability,10/8/2019,Lucifron,Yes
Yougnome,Mana Igniting Cord,10/8/2019,Garr,Yes
Bigdogenergy,Arcanist Slippers,10/15/2019,Lucifron,No
Ceveth,Wristguards of Stability,10/15/2019,Lucifron,Yes
Chang,Magma Tempered Boots,10/15/2019,Golemagg,No
Cured,Wristguards of Stability,10/15/2019,Gehennas,Yes
Eljon,Crimson Shocker,10/15/2019,Sulfuron,No
Eljon,Felheart Shoulders,10/15/2019,Geddon,No
Eljon,Talisman of Ephemeral Power,10/15/2019,Geddon,Yes
Emna,Nemesis Skullcap,10/15/2019,Onyxia,No
Evias,Dragonstalker's Legguards,10/15/2019,Ragnaros,No
Evias,Giantstalker's Helmet,10/15/2019,Garr,Yes
Evius,Aurastone Hammer,10/15/2019,Garr,No
Indi,Fireproof Cloak,10/15/2019,Domo,No
Jess,Boots of Prophecy,10/15/2019,Shazzrah,No
Jess,Cauterizing Band,10/15/2019,Domo,Yes
Kamallia,Nightslayer Gloves,10/15/2019,Gehennas,Yes
Kamallia,Nightslayer Pants,10/15/2019,Magmadar,No
Melaya,Dragonstalker's Helm,10/15/2019,Onyxia,No
Melaya,Giantstalker's Leggings,10/15/2019,Magmadar,Yes
Milkers,Shard of the Scale,10/15/2019,Onyxia,Yes
Mosch,Dragon's Blood Cape,10/15/2019,Ragnaros,Yes
Mosch,Head of Onyxia,10/15/2019,Onyxia,Yes
Neet,Sapphiron Drape,10/15/2019,Onyxia,No
Niari,Mantle of Prophecy,10/15/2019,Sulfuron,No
Scumyum,Arcanist Gloves,10/15/2019,Shazzrah,No
Strangers,Ancient Petrified Leaf,10/15/2019,Domo,Yes
Strangers,Crown of Destruction,10/15/2019,Ragnaros,No
Strangers,Dragonstalker's Legguards,10/15/2019,Ragnaros,No
Strangers,Giantstalker's Breastplate,10/15/2019,Golemagg,Yes
Tom,Flameguard Gauntlets,10/15/2019,Magmadar,Yes
Uper,Nightslayer Cover,10/15/2019,Garr,No
Yougnome,Felheart Robe,10/15/2019,Golemagg,No
Cured,Head of Onyxia,10/17/2019,Onyxia,Yes
Niari,Halo of Transcendence,10/17/2019,Onyxia,Yes
Nighteleven,Stormrage Cover,10/17/2019,Onyxia,Yes
Strangers,Eskhander's Collar,10/17/2019,Onyxia,No
Aljara,Crimson Shocker,10/22/2019,Shazzrah,No
Aljara,Sash of Whispered Secrets,10/22/2019,Domo,No
Ceveth,Bonereaver's Edge,10/22/2019,Ragnaros,Yes
Chang,Lawbringer Spaulders,10/22/2019,Geddon,No
Dave,Choker of Enlightenment,10/22/2019,Lucifron,No
David,Arcanist Mantle,10/22/2019,Geddon,No
Evias,Dragonstalker's Helm,10/22/2019,Onyxia,No
Gozen,Talisman of Ephemeral Power,10/22/2019,Garr,Yes
Indi,Eskhander's Right Claw,10/22/2019,Magmadar,No
Jess,Robes of Prophecy,10/22/2019,Golemagg,No
Jess,The Eye of Divinity,10/22/2019,Domo,Yes
Kamallia,Nightslayer Shoulder Pads,10/22/2019,Sulfuron,Yes
Kulaied,Mantle of Prophecy,10/22/2019,Sulfuron,No
Maurizio,Core Hound Tooth,10/22/2019,Domo,Yes
Melaya,Dragonstalker's Legguards,10/22/2019,Ragnaros,No
Mosch,Cenarion Vestments,10/22/2019,Golemagg,No
Neet,Judgement Legplates,10/22/2019,Ragnaros,No
Nives,Gutgore Ripper,10/22/2019,Garr,No
Nives,Head of Onyxia,10/22/2019,Onyxia,Yes
Odricc,Ancient Cornerstone Grimoire,10/22/2019,Onyxia,No
Odricc,Flamewalker Legplates,10/22/2019,Gehennas,No
Russko,Arcanist Gloves,10/22/2019,Shazzrah,No
Shadowpriest,Gloves of Prophecy,10/22/2019,Gehennas,No
Shadowpriest,Halo of Transcendence,10/22/2019,Onyxia,Yes
Skriggy,Felheart Gloves,10/22/2019,Lucifron,No
Teen,Dragon's Blood Cape,10/22/2019,Ragnaros,No
Teen,Legplates of Might,10/22/2019,Magmadar,Yes
Tom,Crown of Destruction,10/22/2019,Ragnaros,No
Yao,Helm of Might,10/22/2019,Garr,No
Yougnome,Felheart Pants,10/22/2019,Magmadar,No
Yougnome,Staff of Dominance,10/22/2019,Golemagg,No
Alkaloid,Nightslayer Pants,10/29/2019,Magmadar,No
Ceveth,Head of Onyxia,10/29/2019,Onyxia,Yes
Ciddim,Sapphiron Drape,10/29/2019,Onyxia,No
Cured,Helm of Might,10/29/2019,Garr,No
Eljon,Felheart Gloves,10/29/2019,Lucifron,No
Eljon,Felheart Robe,10/29/2019,Golemagg,No
Eljon,Nemesis Leggings,10/29/2019,Ragnaros,Yes
Emna,Choker of the Fire Lord,10/29/2019,Ragnaros,Yes
Indi,Cloak of Shrouded Mists,10/29/2019,Ragnaros,No
Indi,Legplates of Wrath,10/29/2019,Ragnaros,Yes
Jess,Circlet of Prophecy,10/29/2019,Garr,No
Jess,Gloves of Prophecy,10/29/2019,Gehennas,No
Malaya,Ancient Petrified Leaf,10/29/2019,Domo,Yes
Marrigold,Wild Growth Spaulders,10/29/2019,Domo,Yes
Meche,Arcanist Gloves,10/29/2019,Shazzrah,No
Meche,Manastorm Leggings,10/29/2019,Sulfuron,No
Milkers,Earthshaker,10/29/2019,Magmadar,No
Milkers,Judgement Crown,10/29/2019,Onyxia,No
Moschiachnow,Cenarion Vestments,10/29/2019,Golemagg,No
Neet,Shadowstrike,10/29/2019,Sulfuron,No
Nighteleven,Cenarion Leggings,10/29/2019,Magmadar,No
Nighteleven,Cenarion Spaulders,10/29/2019,Geddon,No
Punk,Arcanist Mantle,10/29/2019,Geddon,No
Punk,Talisman of Ephemeral Power,10/29/2019,Garr,Yes
Rayne,Dragonstalker's Helm,10/29/2019,Onyxia,No
Russko,Arcanist Boots,10/29/2019,Lucifron,Yes
Scumyum,Crimson Shocker,10/29/2019,Gehennas,No
Shadowpriest,Boots of Prophecy,10/29/2019,Shazzrah,No
Skriggy,Staff of Dominance,10/29/2019,Golemagg,No
Vikan,Core Hound Tooth,10/29/2019,Domo,Yes
Alkaloid,Nightslayer Boots,11/5/2019,Shazzrah,Yes
Bigdogenergy,Arcanist Mantle,11/5/2019,Geddon,No
Chang,Lawbringer Chestguard,11/5/2019,Golemagg,No
Chang,Shadowstrike,11/5/2019,Sulfuron,No
Cured,Quick Strike Ring,11/5/2019,Garr,Yes
Doggy,Arcanist Boots,11/5/2019,Lucifron,Yes
Glaston,Dragonstalker Helm,11/5/2019,Onyxia,Yes
Indi,Sabatons of Might,11/5/2019,Gehennas,Yes
Jeff,Deathbringer,11/5/2019,Onyxia,Yes
Jeff,Onslaught Girdle,11/5/2019,Ragnaros,Yes
Maurizio,Head of Onyxia,11/5/2019,Onyxia,Yes
Melaya,Giantstalker Helm,11/5/2019,Garr,No
Moschiachnow,Cenarion Gloves,11/5/2019,Shazzrah,No
Moschiachnow,Ring of Binding,11/5/2019,Onyxia,No
Netterick,Bloodfang Pants,11/5/2019,Ragnaros,Yes
Netterick,Nightslayer Gloves,11/5/2019,Gehennas,Yes
Niari,The Eye of Divinity,11/5/2019,Domo,Yes
Nighteleven,Cauterizing Band,11/5/2019,Domo,Yes
Nighteleven,Fire Runed Grimoire,11/5/2019,Geddon,No
Nighteleven,Stormrage Legguards,11/5/2019,Ragnaros,Yes
Nives,Nightslayer Pants,11/5/2019,Magmadar,No
Odricc,Crown of Destruction,11/5/2019,Ragnaros,No
Strangers,Giantstalker Leggings,11/5/2019,Magmadar,No
Teen,Fireproof Cloak,11/5/2019,Domo,No
Teen,Flamewalker Legplates,11/5/2019,Magmadar,No
Teen,Plans: Elemental Sharpening Stone,11/5/2019,Geddon,No
Thumper,Robes of Prophecy,11/5/2019,Golemagg,No
Yao,Blastershot Launcher,11/5/2019,Golemagg,Yes
Yao,Flamewaker Legplates,11/5/2019,Sulfuron,No
Yao,Helm of Wrath,11/5/2019,Onyxia,Yes
Yougnome,Felheart Gloves,11/5/2019,Lucifron,No
Yougnome,Felheart Horns,11/5/2019,Garr,No
Moschiachnow,Stormrage Cover,11/7/2019,Onyxia,No
Scumyum,Sapphiron Drape,11/7/2019,Onyxia,No
Thumper,Halo of Transcendence,11/7/2019,Onyxia,Yes
Tom,Head of Onyxia,11/7/2019,Onyxia,Yes
Alkaloid,Nightslayer Gloves,11/12/2019,Gehennas,Yes
Cured,Onslaught Girdle,11/12/2019,Ragnaros,Yes
Doggy,Crimson Shocker,11/12/2019,Gehennas,No
Eljon,Sash of Whispered Secrets,11/12/2019,Domo,No
Emna,Felheart Shoulders,11/12/2019,Geddon,No
Evius,Judgement Crown,11/12/2019,Onyxia,No
Jeff,Core Hound Tooth,11/12/2019,Domo,Yes
Jess,Pattern: Flarecore Wraps,11/12/2019,Shazzrah,No
Kianna,Nightslayer Pants,11/12/2019,Magmadar,No
Marrigold,Lawbringer Legplates,11/12/2019,Magmadar,No
Meche,Arcanist Gloves,11/12/2019,Shazzrah,No
Meche,Band of Sulfuras,11/12/2019,Ragnaros,No
Meche,Sapphiron Drape,11/12/2019,Onyxia,No
Moschiachnow,Cenarion Boots,11/12/2019,Lucifron,No
Netterick,Head of Onyxia,11/12/2019,Onyxia,Yes
Nives,Bloodfang Pants,11/12/2019,Ragnaros,Yes
Phae,Lawbringer Spaulders,11/12/2019,Geddon,No
Phae,Obsidian Edged Blade,11/12/2019,Garr,No
Rayne,Ancient Petrified Leaf,11/12/2019,Domo,Yes
Shadowpriest,Vambraces of Prophecy,11/12/2019,Trash,Yes
Skriggy,Felheart Robes,11/12/2019,Golemagg,No
Teen,Legplates of Wrath,11/12/2019,Ragnaros,Yes
Teen,Pauldrons of Might,11/12/2019,Sulfuron,Yes
Thumper,Mantle of Prophecy,11/12/2019,Sulfuron,No
Tom,Helm of Might,11/12/2019,Garr,No
Vikan,Blastershot Launcher,11/12/2019,Golemagg,Yes
Yao,Eskhandar's Right Claw,11/12/2019,Magmadar,No
Yao,Gauntlets of Might,11/12/2019,Lucifron,No
Yougnome,Felheart Slippers,11/12/2019,Shazzrah,No
Chang,Wild Growth Spaulders,11/19/2019,Domo,Yes
Cured,Bonereaver's Edge,11/19/2019,Ragnaros,Yes
Dave,Staff of Dominance,11/19/2019,Golemagg,No
David,Arcanist Belt,11/19/2019,Trash,No
Eljon,Nemesis Skullcap,11/19/2019,Onyxia,No
Evias,Giantstalker's Epaulets,11/19/2019,Sulfuron,Yes
Evias,Giantstalker's Gloves,11/19/2019,Shazzrah,Yes
Glaston,Ancient Petrified Leaf,11/19/2019,Domo,Yes
Glaston,Dragonstalker's Legguards,11/19/2019,Ragnaros,No
Glithien,Bloodfang Pants,11/19/2019,Ragnaros,Yes
Indi,Band of Accuria,11/19/2019,Ragnaros,Yes
Indi,Bindings of the Windseeker,11/19/2019,Garr,Yes
Indi,Fireguard Shoulders,11/19/2019,Domo,No
Indi,Flamewalker Legplates,11/19/2019,Lucifron,No
Kamallia,Nightslayer Boots,11/19/2019,Shazzrah,Yes
Kianna,Nightslayer Belt,11/19/2019,Trash,Yes
Marrigold,Lawbringer Helm,11/19/2019,Garr,No
Netterick,Brutality Blade,11/19/2019,Garr,Yes
Niari,Gauntlets of Prophecy,11/19/2019,Gehennas,No
Nives,Nightslayer Shoulder Pads,11/19/2019,Sulfuron,Yes
Phae,Lawbringer Chestguard,11/19/2019,Golemagg,No
Rayne,Giantstalker's Leggings,11/19/2019,Magmadar,Yes
Russko,Crimson Shocker,11/19/2019,Gehennas,No
Scumyum,Arcanist Mantle,11/19/2019,Geddon,No
Skriggy,Felheart Horns,11/19/2019,Garr,No
Skriggy,Felheart Pants,11/19/2019,Magmadar,No
Teen,Eskhandar's Collar,11/19/2019,Onyxia,No
Tom,Helmet of Wrath,11/19/2019,Onyxia,No
Vikan,Head of Onyxia,11/19/2019,Onyxia,Yes
Vikan,Obsidian Edged Blade,11/19/2019,Magmadar,No
Yao,Crown of Destruction,11/19/2019,Ragnaros,No
Yao,Flameguard Gauntlets,11/19/2019,Geddon,Yes
Yougnome,Choker of Enlightenment,11/19/2019,Lucifron,No
Alkaloid,Head of Onyxia,11/21/2019,Onyxia,Yes
Ceveth,Helm of Wrath,11/21/2019,Onyxia,No
Nighteleven,Ancient Cornerstone Grimoire,11/21/2019,Onyxia,No
Russko,Netherwind Crown,11/21/2019,Onyxia,Yes
Bepis,Nightslayer Gloves,11/26/2019,Gehennas,Yes
Ceveth,Brutality Blade,11/26/2019,Garr,Yes
Chang,Lawbringer Boots,11/26/2019,Lucifron,No
David,Band of Sulfuras,11/26/2019,Ragnaros,No
Emna,Felheart Gloves,11/26/2019,Lucifron,No
Jeff,Blastershot Launcher,11/26/2019,Golemagg,Yes
Jeff,Helm of Might,11/26/2019,Garr,No
Kianna,Bloodfang Pants,11/26/2019,Ragnaros,Yes
Kianna,Nightslayer Chestpiece,11/26/2019,Golemagg,Yes
Meche,Talisman of Ephemeral Power,11/26/2019,Geddon,Yes
Nighteleven,Seal of the Archmagus,11/26/2019,Geddon,No
Phae,Lawbringer Legplates,,,
Rayne,Dragonstalker's Legguards,11/26/2019,Ragnaros,No
Rayne,Giantstalker's Gloves,11/26/2019,Shazzrah,Yes
Shadowpriest,The Eye of Divinity,11/26/2019,Domo,Yes
Soulgrinder,Crimson Shocker,11/26/2019,Gehennas,No
Soulgrinder,Felhearth Horns,11/26/2019,Garr,No
Soulgrinder,Fire Runed Grimoire,11/26/2019,Magmadar,No
Strangers,Cloak of Shrouded Mists,11/26/2019,Ragnaros,No
Strangers,Dragonstalker's Helm,11/26/2019,Onyxia,No
Teen,Breastplate of Might,11/26/2019,Golemagg,No
Teen,Shadowstrike,11/26/2019,Sulfuron,No
Yao,Bonereaver's Edge,11/26/2019,Ragnaros,No
Yao,Head of Onyxia,11/26/2019,Onyxia,Yes
Yao,Pauldrons of Might,11/26/2019,Sulfuron,Yes
Yougnome,Nemesis Skullcap,11/26/2019,Onyxia,No
Yougnome,Sapphiron Drape,11/26/2019,Onyxia,No
Alkaloid,Nightslayer Shoulder Pads,12/3/2019,Sulfuron,Yes
Chang,Lawbringer Helm,12/3/2019,Garr,No
Cured,Eskhandar's Collar,12/3/2019,Onyxia,No
Cured,Flameguard Gauntlets,12/3/2019,Geddon,Yes
David,Azuresong Mageblade,12/3/2019,Golemagg,Yes
Eljon,Felheart Slippers,12/3/2019,Shazzrah,No
Kamallia,Head of Onyxia,12/3/2019,Onyxia,Yes
Maurizio,Aged Core Leather Gloves,12/3/2019,Garr,Yes
Meche,Arcanist Gloves,12/3/2019,Shazzrah,No
Meche,Seal of the Archmagus,12/3/2019,Geddon,No
Milkers,Lawbringer Boots,12/3/2019,Lucifron,No
Milkers,Lawbringer Gauntlets,12/3/2019,Gehennas,No
Nives,Peridition's Blade,12/3/2019,Ragnaros,Yes
Odricc,Judgement Crown,12/3/2019,Onyxia,No
Pupperonii,Pants of Prophecy,12/3/2019,Magmadar,No
Rayne,Cloak of Shrouded Mists,12/3/2019,Ragnaros,No
Strangers,Giantstalker's Epaulets,12/3/2019,Sulfuron,Yes
Tasky,Stormrage Legguards,12/3/2019,Ragnaros,Yes
Teen,Core Forged Greaves,12/3/2019,Domo,No
Teen,Sabatons of Might,12/3/2019,Gehennas,Yes
Tom,Gauntlets of Might,12/3/2019,Lucifron,No
Yao,Breastplate of Might,12/3/2019,Golemagg,No
Dave,Netherwind Crown,12/10/2019,Onyxia,Yes
Doggy,Arcanist Gloves,12/10/2019,Shazzrah,No
Emna,Azuresong Mageblade,12/10/2019,Golemagg,Yes
Evias,Giantstalker's Boots,12/10/2019,Gehennas,Yes
Evius,Lawbringer Boots,12/10/2019,Lucifron,No
Evius,Lawbringer Chestguard,12/10/2019,Golemagg,No
Jeff,Obsidian Edged Blade,12/10/2019,Magmadar,No
Jeff,Head of Onyxia,12/10/2019,Onyxia,Yes
Jess,Mantle of Prophecy,12/10/2019,Sulfuron,No
Kamallia,Gutgore Ripper,12/10/2019,Garr,No
Kianna,Nightslayer Shoulder Pads,12/10/2019,Sulfuron,Yes
Kianna,Core Hound Tooth,12/10/2019,Domo,Yes
Nives,Nightslayer Chestpiece,12/10/2019,Golemagg,Yes
Phae,Lawbringer Helm,12/10/2019,Garr,No
Phae,Cauterizing Band,,,
Rayne,Eskhandar's Collar,12/10/2019,Onyxia,No
Shadowpriest,Leggings of Transcendence,12/10/2019,Ragnaros,Yes
Soulgrinder,Felheart Pants,12/10/2019,Magmadar,No
Soulgrinder,Felheart Slippers,12/10/2019,Shazzrah,No
Soulgrinder,Nemesis Skullcap,12/10/2019,Onyxia,No
Tasky,Cenarion Leggings,12/10/2019,Magmadar,No
Tasky,Aurastone Hammer,12/10/2019,Garr,No
Teen,Gauntlets of Might,12/10/2019,Lucifron,Yes
Teen,Obsidian Edged Blade,12/10/2019,Geddon,No
Tom,Eye of Sulfuras,12/10/2019,Ragnaros,
Tremortotem,The Eye of Divinity,,,
Vikan,Crown of Destruction,12/10/2019,Ragnaros,No
Yougnome,Felheart Shoulder Pads,12/10/2019,Geddon,No
Kianna,Head of Onyxia,12/12/2019,Onyxia,
Meche,Netherwind Crown,12/12/2019,Onyxia,
Skriggy,Nemesis Skullcap,12/12/2019,Onyxia,
Tasky,,,,
Alkaloid,Bloodfang Pants,12/17/2019,Ragnaros,
Amphibian,Choker of Enlightenment,12/17/2019,Lucifron,
Bepis,Striker's Mark,12/17/2019,Magmadar,
Bepis,Head of Onyxia,12/17/2019,Onyxia,
Ceveth,Flameguard Gauntlets,12/17/2019,Magmadar,
Chang,Manastorm Leggings,12/17/2019,Gehennas,
Dave,Arcanist Gloves,12/17/2019,Shazzrah,
Dave,Sapphiron Drape,12/17/2019,Onyxia,
David,Formula: Enchant Weapon - Spell Power,12/17/2019,Shazzrah,
Emna,Pattern: Flarecore Wraps,12/17/2019,Garr,
Evias,Giantstalker's Breastplate,12/17/2019,Golemagg,
Jess,Leggings of Transcendence,12/17/2019,Ragnaros,
Kamallia,Bloodfang Hood,12/17/2019,Onyxia,
Kianna,Nightslayer Gloves,12/17/2019,Gehennas,
Kianna,Bloodfang Hood,12/17/2019,Onyxia,
Milkers,Lawbringer Spaulders,12/17/2019,Geddon,
Moschiachnow,Fireguard Shoulders,12/17/2019,Domo,
Niari,Robes of Prophecy,12/17/2019,Golemagg,
Odricc,Essence of Pure Flame,12/17/2019,Ragnaros,
Pupperonii,The Eye of Divinity,,,
Scumyum,Arcanist Crown,12/17/2019,Garr,
Scumyum,Azuresong Mageblade,12/17/2019,Golemagg,
Shadowpriest,Sash of Whispered Secrets,12/17/2019,Domo,
Tom,Dragon's Blood Cape,12/17/2019,Ragnaros,
Tremortotem,Mantle of Prophecy,12/17/2019,Sulfuron,
Vikan,Quick Strike Ring,12/17/2019,Garr,
Warmode,Pauldrons of Might,,,
Warmode,,,,
Warmode,,,,
Yao,Legplates of Might,12/17/2019,Magmadar,
Alkaloid,,,,
Bigdogenergy,Ring of Spell Power,12/26/2019,Gehennas,
Dave,Mana Igniting Cord,12/26/2019,Magmadar,
Dave,Arcanist Mantle,12/26/2019,Geddon,
Eljon,Azuresong Mageblade,12/26/2019,Golemagg,
Evius,Lawbringer Spaulders,12/26/2019,Geddon,
Growler,Circle of Prophecy,12/26/2019,Garr,
Growler,Eye of Divinity,12/26/2019,Domo,
Growler,Sash of Whispered Secrets,12/26/2019,Domo,
Jeff,Bonereaver's Edge,12/26/2019,Ragnaros,
Kaga,,,,
Moschiachnow,Essence of Pure Flame,12/26/2019,Ragnaros,
Nives,Bloodfang Hood,12/26/2019,Onyxia,
Phae,Lawbringer Gauntlets,12/26/2019,Gehennas,
Pupperonii,Halo of Transcendence,12/26/2019,Onyxia,
Rayne,Giantstalker's Epaulets,12/26/2019,Sulfuron,
Rayne,Head of Onyxia,12/26/2019,Onyxia,
Tom,Drillborer Disk,12/26/2019,Garr,
Tremortotem,Pants of Prophecy,12/26/2019,Magmadar,
Tremortotem,Boots of Prophecy,12/26/2019,Shazzrah,
Vikan,Wristguards of Stability,12/26/2019,Lucifron,
Vikan,Pauldron's of Might,12/26/2019,Sulfuron,
Warmode,Obsidian Edged Blade,12/26/2019,Garr,
Whiteclaw,Cenarion Boots,12/26/2019,Lucifron,
Whiteclaw,Cenarion Leggings,12/26/2019,Magmadar,
Whiteclaw,Cenarion Vestments,12/26/2019,Golemagg,
Whiteclaw,Stormrage Legguards,12/26/2019,Ragnaros,
Whiteclaw,Eskhandar's Collar,12/26/2019,Onyxia,
Yao,,,,
Bepis,Core Hound Tooth,1/1/2020,Domo,
Bigdogenergy,,,,
Dave,Arcanist Boots,1/1/2020,Lucifron,
David,,,,
Evias,Head of Onyxia,1/1/2020,Onyxia,
Evias,Schematic: Sniper SCope,1/1/2020,Onyxia,
Evius,Salamander Scale Pants,1/1/2020,Gehennas,
Growler,Crimson Shocker,1/1/2020,Sulfuron,
Growler,Robes of Prophecy,1/1/2020,Golemagg,
Marrigold,Earthshaker,,,
Marrigold,Lawbringer Gauntlets,1/1/2020,Gehennas,
Milkers,Malistar's Defender,1/1/2020,Ragnaros,
Netterick,Nightslayer Boots,1/1/2020,Shazzrah,
Pupperonii,Leggings of Transcendence,1/1/2020,Ragnaros,
Rayne,,,,
Scumyum,Arcanist Leggings,,,
Tom,Shadowstrike,1/1/2020,Sulfuron,
Tom,Legplates of Wrath,1/1/2020,Ragnaros,
Vikan,Legplates of Might,,,
Vikan,Helm of Wrath,1/1/2020,Onyxia,
Warmode,Flameguard Gauntlets,1/1/2020,Garr,
Whiteclaw,Cenarion Helm,1/1/2020,Garr,
Whiteclaw,Cenarion Spaulders,1/1/2020,Geddon,
Whiteclaw,Stormrage Cover,1/1/2020,Onyxia,
Doggy,Choker of Enlightenment,1/7/2020,Lucifron,
Bepis,Nightslayer Pants,1/7/2020,Magmadar,
Strangers,Eskhandar's Right Claw,1/7/2020,Magmadar,
Warmode,Legplates of Might,1/7/2020,Magmadar,
Growler,Gloves of Prophecy,1/7/2020,Gehennas,
Yao,Sabatons of Might,1/7/2020,Gehennas,
Scumyum,Mana Igniting Cord,1/7/2020,Garr,
Dave,Ring of Spell Power,1/7/2020,Shazzrah,
Awuwu,Wristguards of Stability,,,
Growler,Mantle of Prophecy,1/7/2020,Sulfuron,
Maurizio,Nightslayer Chestpiece,,,
Vikan,Flameguard Gauntlets,1/7/2020,Golemagg,
Awuwu,Core Hound Tooth,1/7/2020,Domo,
Pupperonii,Cauterizing Band,,,
Skriggy,Nemesis Leggings,,,
Meche,Choker of the Fire Lord,1/7/2020,Ragnaros,
Evius,Malistar's Defendser,1/7/2020,Ragnaros,
Rayne,Dragonstalker's Legguards,1/7/2020,Ragnaros,
Tasky,,,,
Skriggy,Sapphiron Drape,1/7/2020,Onyxia 1,
Glaston,Head of Onyxia,1/7/2020,Onyxia 1,
Phae,Shard of the Scale,1/7/2020,Onyxia 1,
Alkaloid,Bloodfang Hood,1/7/2020,Onyxia 2,
Strangers,Head of Onyxia,1/7/2020,Onyxia 2,
Netterick,Striker's Mark,,,
Kkr,Nightslayer Gloves,1/14/2020,Gehennas,
Cosy,,,,
Niari,Circlet of Prophecy,1/14/2020,Garr,
Kianna,Aged Core Leather Gloves,1/14/2020,Garr,
David,Formula: Enchant Weapon - Healing power,,,
Kalvin,Heavy Dark Iron Ring,1/14/2020,Shazzrah,
Chang,Azuresong Mageblade,1/14/2020,Golemagg,
Milkers,Lawbringer Chestguard,1/14/2020,Golemagg,
Kkr,Core Hound Tooth,1/14/2020,Domo,
David,Netherwind Pants,,,
Phae,Judgement Crown,1/14/2020,Onyxia 1,
Kaga,Dragonstalker's Helm,,,
Warmode,Head of Onyxia,,,
Netterick,Viskag the Bloodletter,1/14/2020,Onyxia 2,
Scumyum,Head of Onyxia,1/14/2020,Onyxia 2,
Awuwu,,,,
Growler,Halo of Transcendence,1/16/2020,Onyxia,
Cosy,Head of Onyxia,1/16/2020,Onyxia,
Emna,Ring of Binding,1/16/2020,Onyxia,
Milkers,Robe of Volatile Power,1/21/2020,Gehennas,
Pupperonii,Gloves of Prophecy,1/21/2020,Gehennas,
Chang,Schematic: Force Reactive Disk,1/21/2020,Shazzrah,
Phae,Robe of Volatile Power,1/21/2020,Sulfuron,
Pupperonii,,,,
Tom,Wristguards of True Flight,1/21/2020,Domo,
Growler,Leggings of Transcendence,1/21/2020,Ragnaros,
Yao,Eskhandar's Collar,1/21/2020,Ragnaros,
Madawk,Helm of Wrath,1/21/2020,Onyxia 1,
Madawk,Head of Onyxia,1/21/2020,Onyxia 1,
Chang,Judgement Crown,1/21/2020,Onyxia 2,
Kalvin,Eskhandar's Collar,1/21/2020,Onyxia 2,
Milkers,Head of Onyxia,1/21/2020,Onyxia 2,
